مساحة خاصة, 1, 1.0
طبق باستا بالصوص, 1, 0.5
الطعام بشكل طازج, 1, 1.0
طلب حساء الفطر, 1, 0.25
سلطة خضار, 1, 0.33333334
لديكم بطاطا حلوة مقلية, 1, 0.5
من المشروبات الباردة والساخنة, 1, 1.0
الحصول على خبز اضافي, 1, 1.0
هي كلمة سر, 1, 1.0
تقترحها, 1, 1.0
اضافي مع الطعام, 1, 1.0
تتوفر خدمة, 1, 1.0
مثلج بنكهة الليمون, 1, 0.5
يعاني من, 3, 1.0
خبز اضافي مع الطعام, 1, 1.0
التي تقترحها, 1, 1.0
توفرون قائمة طعام, 2, 1.0
هل توفرون خدمة التوصيل, 1, 0.33333334
العصائر الطازجة, 1, 1.0
يمكنني طلب بوظة, 4, 0.33333334
بالصلصة, 1, 1.0
احجام, 1, 1.0
بنكهة الحمضيات, 1, 0.125
اريد طلب سلطة سيزر, 1, 0.5
مناسبة خاصة في المطعم, 1, 1.0
هل لديكم وجبة, 1, 0.045454547
هل يمكنك احضار كأس, 1, 0.25
توفرون مشروبات غازية, 1, 0.33333334
طلبية توصيل, 1, 1.0
توفرون خدمة التوصيل, 1, 0.33333334
اضافة بوطة, 1, 0.125
على طبقي, 1, 0.04347826
توصيل خارجية, 1, 0.25
ساعات, 1, 1.0
طاولة للغد, 1, 0.33333334
طاولة لسبعة أشخاص في, 1, 1.0
باستا بالصلصة, 1, 0.5
قوائم خاصة, 1, 0.5
طلب وجبة خاصة, 4, 0.36363637
بنكهة الشوكولاطة مع اضافة, 1, 1.0
على طلبية توصيل, 1, 1.0
قائمة طعام لمن, 1, 0.14285715
طلب ساندويتش, 5, 0.072463766
الحصل على طبق بطاطس, 1, 1.0
من الكافيين, 1, 0.032258064
اريد طلب كعكة, 2, 0.035714287
طلب كوب كابتشينو, 3, 0.3
طلب طبقان, 1, 0.014492754
ثلاثة ساندويتش, 1, 1.0
بنكهة الفراولة, 1, 0.125
بنكهة الشوكولاطة, 1, 0.125
بالمناسبات والحفلات, 1, 0.5
بالصوص الابيض, 1, 0.5
المزيد من, 4, 1.0
وجبات ذاتية الاختيار, 1, 1.0
اريد طلب بيتزا خضار, 2, 0.4
والساخنة, 1, 1.0
بطاقة اشتراك للزبائن الدائمين, 1, 1.0
قائمة الطعام, 1, 0.083333336
الذين يعانون من حساسية, 1, 1.0
ثلاثة, 1, 1.0
لجانبها, 1, 1.0
تحضير, 1, 1.0
طلب عصير جزر طازج, 1, 1.0
الطعام لذيذ جدا شكرا, 1, 1.0
للأطفال, 3, 1.0
تقدمون السلطة مع الوجبات, 1, 1.0
طلب طبق دجاج, 1, 0.2
يعاني من حساسية غذائية, 1, 0.33333334
طلب ساندويتش دجاج بالخصار, 1, 0.33333334
من الغلوتين, 7, 0.22580644
يمكنني الحصول على الحساء, 1, 0.07692308
اهل توفرون, 1, 1.0
ام مصنوعة, 1, 1.0
توصيل إلى المنزل, 1, 1.0
يمكنك اطفاء, 1, 0.083333336
الاعياد, 1, 1.0
الذين يعانون من, 1, 1.0
طلب كوب بوظة, 3, 0.3
مشوية على, 2, 0.6666667
مزيج, 1, 1.0
طعام خاصة ببرنامج حمية, 1, 1.0
خارجية, 1, 1.0
الاحمر, 1, 1.0
لشخصين في المطعم, 1, 1.0
توفرون احجام, 1, 0.041666668
أريد أن أطلب كعكة, 1, 1.0
وجبتان اطفال, 1, 1.0
قائمة الحلويات, 1, 0.083333336
هل لديكم بوظة, 1, 0.045454547
كوب بوظة بنكهة, 3, 1.0
تقدمون خبز مع المقبلات, 1, 1.0
هل توفرون قوائم, 1, 0.04347826
قائمة طعام المأكولات البحرية, 1, 1.0
توفرون طعام مناسب للاشخاص, 1, 1.0
افضل وجبة, 1, 1.0
لديكم خدمة توصيل للطعام, 1, 0.5
من القمح, 1, 0.032258064
الولائم او, 1, 1.0
النباتية المتاحة, 1, 0.5
هل هذه الطاولة محجوزة, 1, 1.0
طعام مناسب للاشخاص, 1, 1.0
بيتزا, 5, 1.0
سلامي حجم, 1, 1.0
نضج متوسطة, 1, 1.0
ستيك مشوية على, 1, 1.0
الحصول على وجبة, 1, 0.071428575
من الصوص, 1, 0.032258064
طلب بيتزا خضار كبيرة, 1, 0.5
الخوخ, 1, 1.0
لديكم قائمة طعام الكترونية, 1, 0.2
نباتية في, 1, 0.5
أنا أعاني, 2, 1.0
خاصة للاطفال مع حلوى, 1, 1.0
للبوظة, 2, 1.0
هل توفرون قائمة, 2, 0.08695652
شاي مثلج بنكهة, 2, 1.0
خدمة, 7, 1.0
تنصحون, 1, 1.0
يمكنني الحصول على كأس, 1, 0.07692308
في اي وقت, 1, 1.0
خاصة, 17, 1.0
ذاتية الاختيار, 1, 1.0
هي انواع, 2, 0.2857143
طلب فوتوتشيني, 1, 0.014492754
حساسية غذائية, 1, 0.16666667
كوب قهوة بعد, 1, 0.33333334
وجبة برغر, 2, 0.1
يتوفر لديكم خيارات, 1, 1.0
طلب كعكة بنكهة الفانيلا, 1, 1.0
خدمة الدردشة المباشرة, 1, 1.0
هل تقدمون خدمة, 1, 0.05263158
طلب كوب قهوة, 2, 0.2
الي, 1, 1.0
بوظة خاصة للاطفال مع, 1, 1.0
بيبروني مع, 1, 1.0
كطبق جانبي, 1, 1.0
يمكنني حجز, 1, 0.029411765
مبتكرة غير تقليدية, 1, 1.0
هل يمكنني حجز طاولة, 1, 1.0
الأطباق الرئيسية تنصحون, 1, 1.0
أن أحجز طاولة لشخصين, 1, 0.5
سيرب الكاراميل, 1, 0.5
الجلوس بجانب النافذة, 1, 1.0
سلمون مشوي, 1, 1.0
مناسبة, 1, 1.0
جدا, 1, 1.0
قهوة, 4, 1.0
الحصول على كوب, 1, 0.071428575
بوطة, 1, 1.0
خالي, 4, 1.0
مشروبات خاصة, 1, 0.25
عبر, 1, 1.0
او وجبات ذاتية, 1, 1.0
هل لديكم بوظة بنكهة, 1, 1.0
بالمناسبات او, 1, 0.5
هل يوجد مساحة, 1, 0.5
كعكة بنكهة, 1, 0.25
تقدمون عصائر طازجة, 1, 1.0
سوشي, 1, 1.0
للبوظة مثل الكاراميل, 1, 1.0
بوظة خاصة للنباتيين, 1, 0.25
المباشرة على, 1, 1.0
كابتشينو ساخن مع, 1, 0.5
وجبات ذاتية الاختيار في, 1, 1.0
اريد طلب وجبة نودلز, 1, 0.125
سمك سلمون مشوي, 1, 1.0
على كأس, 1, 0.04347826
أفضل, 1, 1.0
كوب كابتشينو ساخن مع, 1, 0.5
باسوورد الانترنت, 1, 1.0
عبر الانترنت, 1, 1.0
يمكنني طلب وجبة, 3, 0.25
ما اسم المسؤول, 1, 0.33333334
حساسية تجاه الفول السوداني, 1, 1.0
يتم, 1, 1.0
للوجبة, 1, 1.0
من اليوم, 1, 0.032258064
هل يتم تحضير الطعام, 1, 1.0
الباستا بالصوص الابيض, 1, 1.0
سمك مشوي مع, 1, 1.0
للاشخاص الذين يعانون من, 1, 1.0
متعددة لوجبة الافطار, 1, 1.0
اهل, 1, 1.0
اريد طلب بوظة, 1, 0.017857144
طلب بوظة بنكهة الشوكولاطة, 1, 1.0
الكافيين, 1, 1.0
طعام خاصة بالمناسبات والحفلات, 1, 1.0
البوظة في, 1, 1.0
هل يمكنك احضار, 4, 0.33333334
انواع العصائر, 1, 0.5
يمكنكم, 1, 1.0
المطعم قوائم, 1, 0.083333336
سلطة سيزر مع الدجاج, 1, 1.0
بدون مكونات, 1, 0.25
في القائمة, 1, 0.1
موقع الويب الخاص بالمطعم, 1, 1.0
هل توفرون تشكيلة, 1, 0.04347826
ملح, 1, 1.0
للاطفال مع حلوى, 1, 1.0
ما اسم صاحب المطعم, 1, 1.0
جزر, 1, 1.0
دجاج بالخصار, 1, 0.16666667
هل تقدمون الطعام الايطالي, 1, 0.5
وجبة خالية من, 3, 1.0
تقدمون بوظة بنكهات, 1, 0.25
الشوكولاطة, 1, 1.0
خاصة خالية من, 2, 1.0
كعكة مع اضافة بوطة, 1, 1.0
لديكم مأكولات بحرية, 1, 1.0
هل تقدمون بوظة خاصة, 1, 0.25
اخباري بكلمة, 1, 0.33333334
اريد الحصول على قائمة, 1, 1.0
اسم صاحب, 1, 0.33333334
طعام خاص لمن يعاني, 1, 1.0
توفرون قوائم طعام بلغات, 1, 1.0
العصائر, 1, 1.0
او الحفلات, 1, 0.2
اريد طلب فنجان, 1, 0.017857144
الخيارات, 1, 1.0
حفلة او, 1, 1.0
ستيك لحم مع الخضار, 1, 1.0
على هذا, 1, 0.04347826
طلب حساء الطماطم, 1, 0.25
صلصة اضافية للوجبة, 1, 1.0
ما اسم المسؤول هنا, 1, 1.0
الحمضيات, 1, 1.0
يمكنني الحجز لتنظيم حفلة, 1, 1.0
وجبة خاصة خالية, 2, 0.5
طلب حساء المأكولات البحرية, 1, 1.0
هل لديكم مأكولات بحرية, 1, 1.0
حساسية, 6, 1.0
تملكون طعام, 1, 1.0
اي وقت من اليوم, 1, 1.0
على قائمة, 5, 0.2173913
اين, 1, 1.0
كرسي, 1, 1.0
ما هي الخيارات, 1, 0.14285715
تقدمون الطعام, 2, 0.10526316
يمكنك احضار كأس, 1, 0.25
هل لديكم شاي, 1, 0.045454547
بوري, 1, 1.0
ما هو عنوان بريد, 1, 1.0
طلبية, 1, 1.0
كوب بوظة بنكهة الليمون, 1, 0.33333334
هل يتم, 1, 0.008264462
هي باسوورد الانترنت, 1, 1.0
بنكهة, 8, 1.0
يمكنني الحجز, 1, 0.029411765
لديكم شاي مثلج بنكهة, 1, 1.0
اريد طلب كوب قهوة, 2, 0.25
يمكنني الحصول على وجبة, 1, 0.07692308
واسعة من المشروبات, 1, 1.0
طلب سمك سلمون, 1, 0.5
بيبروني, 1, 1.0
الحمام, 1, 1.0
مشوي مع, 1, 0.33333334
طلبية توصيل إلى المنزل, 1, 1.0
يمكنكم تنفيذ ذلك, 1, 1.0
يمكنني طلب وجبة خاصة, 3, 1.0
هل تقدمون الطعام بطريقة, 1, 0.5
لديكم قائمة طعام مكسيكي, 1, 0.2
حلوة مشوية, 1, 0.5
على موقع الويب الخاص, 1, 1.0
كعكة, 4, 1.0
تقدمون طعام خاص, 1, 0.5
رقم هاتف, 1, 1.0
متعددة, 1, 1.0
هل يمكنني طلب بوظة, 4, 0.33333334
اريد طلب كوب بوظة, 2, 0.25
اختيار الاضافات للبوظة مثل, 1, 1.0
مناسب للاشخاص الذين يعانون, 1, 1.0
العصائر الطازجة في, 1, 1.0
اسم المسؤول, 1, 0.33333334
ستيك مشوية على الفحم, 1, 1.0
مكونات, 1, 1.0
دجاج مقلي, 1, 0.16666667
السكر, 4, 1.0
الايطالي, 1, 1.0
يمكنني اختيار, 1, 0.029411765
الحصول على ملعقة, 1, 0.071428575
لديكم حسابات على مواقع, 1, 1.0
هل تقدمون وجبة, 1, 0.05263158
يمكنني حجز طاولة, 1, 1.0
متى يفتح المطعم, 1, 1.0
بريد الالكتروني الخاص, 1, 1.0
خاصة بالمناسبات والحفلات, 1, 0.5
أنا, 2, 1.0
لوجبة, 1, 1.0
طلب فنجان قهوة صغير, 1, 1.0
تملكون طعام عضوي, 1, 1.0
الوجبة الأكثر طلبا, 1, 1.0
تقدمون خبز, 2, 0.10526316
اريد وجبة نباتية, 1, 0.33333334
خاصة هل يمكنكم, 1, 1.0
غازية, 1, 1.0
دجاج لذيذة, 1, 0.16666667
اختيار, 1, 1.0
المزيد من الكراسي, 1, 0.25
تفتحون في فترة, 1, 1.0
بنكهات مبتكرة غير, 1, 1.0
اريد أن, 1, 0.015873017
تناسب, 1, 1.0
حمية, 1, 1.0
بوظة مزيج, 1, 0.05882353
صوص الليمون, 1, 0.5
خاصة لمن يعاني من, 1, 1.0
توفرون طعام مناسب, 1, 0.25
يمكنني فتح الشباك, 1, 1.0
توفرون كعك خالي من, 2, 1.0
توفرون تشكيلة, 1, 0.041666668
التي تقترحها علي, 1, 1.0
هل توفرون خيارات متعددة, 1, 1.0
هي الخيارات النباتية, 1, 1.0
الطعام بشكل, 1, 0.14285715
طلب نودلز مع, 1, 1.0
مشوي ودرجة نضج متوسطة, 1, 1.0
التوصيل, 1, 1.0
سلطة سيزر, 1, 0.33333334
يمكنك اخباري بكلمة, 1, 0.33333334
بطاطا, 2, 1.0
تقدمون بوظة مجمدة, 1, 0.25
بوظة خاصة للمناسات, 1, 0.25
الماء, 1, 1.0
يمكنني طلب تعديلات, 1, 0.083333336
يعاني من حساسية القمح, 1, 0.33333334
اريد طلب سلطة, 2, 0.035714287
اخباري بالوجبات, 2, 0.6666667
اخباري بالوجبات الخالية, 1, 0.5
طلب بيتزا خضار, 2, 0.4
يمكنني حجز طاولة للغد, 1, 1.0
من الأطباق الرئيسية تنصحون, 1, 1.0
لديكم شاي مثلج, 1, 1.0
بطريقة, 1, 1.0
بطاطس, 2, 1.0
اريد طلب وجبة, 8, 0.14285715
الابيض, 1, 1.0
للبوظة مثل, 1, 0.5
يمكنك احضار كأس ماء, 1, 1.0
الخيارات النباتية المتاحة, 1, 1.0
هو رقم هاتف المطعم, 1, 1.0
أين, 2, 1.0
يمكنك اضافة الثلج, 1, 0.33333334
يقدم المطعم قوائم, 1, 1.0
ياضافة سيرب, 1, 1.0
نودلز بالخضار وصوص, 1, 1.0
البوظة في المطعم, 1, 1.0
المقبلات, 1, 1.0
هي انواع العصائر, 1, 0.5
تفاح, 1, 1.0
خاص للنباتيين, 1, 0.25
طلب بوظة بنكهة, 1, 0.2
اضافة ثلج الي كوب, 1, 1.0
بيتزا صغيرة, 1, 0.2
مناسب للاشخاص, 1, 1.0
بوظة خاصة لمن, 1, 0.25
طلب تعديلات, 1, 0.014492754
إفطار, 1, 1.0
لديكم طعام, 1, 0.04347826
سمك سلمون, 1, 0.33333334
طعام خاص لمرضى السكري, 1, 0.5
في اي, 1, 0.1
هل توفرون بوظة خاصة, 2, 0.5
طلب بيتزا سلامي حجم, 1, 1.0
لمرضى القلب, 1, 0.5
طعام خاص للنباتيين, 1, 0.25
الأكثر, 1, 1.0
نباتي, 1, 1.0
طلب وجبة جمبري, 1, 0.09090909
هل يمكنني طلب, 12, 0.36363637
ساندويتش, 6, 1.0
توفرون وجبات, 1, 0.041666668
سلامي, 1, 1.0
لديكم حلوى خالية من, 1, 1.0
ذلك, 1, 1.0
طاولة لشخصين في, 1, 1.0
توفرون وجبات مشوية, 1, 1.0
هل لديكم وجبات للأطفال, 1, 1.0
تقدمون هدايا للأطفال, 1, 0.5
المزيد من الجبن على, 1, 1.0
هل توفرون مشروبات, 3, 0.13043478
تقدمون خدمة إفطار متأخر, 1, 1.0
اضافات, 1, 1.0
خالية من الغلوتين, 4, 0.5
للأطفال مع, 1, 0.33333334
هل لديكم مأكولات, 1, 0.045454547
هل تقدمون وجبات سريعة, 1, 0.5
لحم مشوي ودرجة, 1, 1.0
هل يمكنني طلب وجبة, 3, 0.25
بلغات اخرى, 1, 1.0
لديكم وجبات للأطفال, 1, 1.0
ما هي كلمة, 1, 0.14285715
هل تقدمون بوظة, 4, 0.21052632
قوائم طعام بلغات اخرى, 1, 1.0
اريد طلب نودلز, 1, 0.017857144
من الكراسي, 1, 0.032258064
اريد طلب وجبة سمك, 1, 0.125
ما أفضل وجبة هنا, 1, 1.0
ساخن مع, 1, 0.5
لشخصين, 1, 1.0
بالوجبات الخالية من, 1, 1.0
ما هي الخيارات النباتية, 1, 1.0
لديكم بطاطا, 2, 0.08695652
الخالية من الغلوتين, 1, 1.0
لشخصين في, 1, 1.0
وجبة برغر دجاج, 1, 0.5
الولائم, 1, 1.0
على قائمة المشروبات, 2, 0.4
طلب وجبة نودلز, 1, 0.09090909
يوجد بطاقة, 1, 0.5
الويب, 1, 1.0
وجبات ذاتية, 1, 0.16666667
فنجان, 1, 1.0
عصير تفاح, 1, 0.33333334
حساء الطماطم, 1, 0.25
الدردشة المباشرة على موقع, 1, 1.0
وجبة تقدمونها, 1, 0.05
الاضافات للبوظة, 1, 1.0
ستيك لحم مشوي, 1, 0.5
او الطعام للمجموعات الكبيرة, 1, 1.0
بوظة للخارج, 1, 0.05882353
طبقان من الباستا بالصوص, 1, 1.0
بالنعنح, 1, 1.0
هل تفتحون, 1, 0.008264462
الوجبة التي تقترحها, 1, 1.0
الاضافات للبوظة مثل, 1, 1.0
هي الخيارات, 1, 0.14285715
الطعام, 7, 1.0
بوظة بنكهة الفراولة, 1, 0.2
الباربكيو, 1, 1.0
تشكيلة واسعة من المشروبات, 1, 1.0
يمكنني الحصل, 1, 0.029411765
عمل المطم, 1, 1.0
خاصة لمن يعاني, 1, 1.0
من الصلصة, 1, 0.032258064
المباشرة على موقع, 1, 1.0
تقدمون هدايا مع وجبات, 1, 1.0
طلب بيتزا بيبروني, 1, 0.2
هل يمكنني الحصول, 13, 0.3939394
خفيفة, 1, 1.0
الطلب, 1, 1.0
اختيار الاضافات للبوظة, 1, 1.0
اشتراك, 1, 1.0
يمكنني الحصول على خبز, 1, 0.07692308
الطباخ, 2, 1.0
تجاه, 2, 1.0
بعد, 1, 1.0
اتجاه الفول السوداني, 1, 1.0
احضار الحساب, 1, 0.25
حسابات على مواقع, 1, 1.0
طلب ساندويتش لحم, 1, 0.2
يعاني من حساسية, 3, 1.0
طاولة لشخصين, 1, 0.33333334
بوظة بنكهات, 1, 0.05882353
او اضافات على الوجبة, 1, 1.0
مشروبات, 4, 1.0
اريد طلب كوب شاي, 1, 0.125
وجبة برغر نباتي, 1, 0.5
يمكنني الحصول على ملعقة, 1, 0.07692308
خاص لمرضى, 2, 0.5
مع اضافة بوطة لجانبها, 1, 1.0
أحجز طاولة لسبعة, 1, 0.5
كوب الماء, 1, 0.083333336
اريد طلب فوتوتشيني, 1, 0.017857144
الصوص للباستا, 1, 1.0
او وجبات, 1, 0.2
مشوية على الفحم, 2, 1.0
يوجد بطاقة اشتراك للزبائن, 1, 1.0
لديكم حلوى, 1, 0.04347826
لديكم خيارات نباتية في, 1, 1.0
مشوي ودرجة, 1, 0.33333334
هل يمكنك احضار المزيد, 1, 0.25
اخباري بكلمة سر الانترنت, 1, 1.0
عصائر طازجة, 2, 1.0
يفتح المطعم, 1, 1.0
لديكم حسابات على, 1, 1.0
الاختيار في, 1, 1.0
هي افضل, 1, 0.14285715
بشكل طازج, 1, 1.0
للزبائن الدائمين, 1, 1.0
بيتزا خضار بدون, 1, 0.5
توفرون, 24, 1.0
على خبز اضافي مع, 1, 1.0
نضج, 1, 1.0
اريد طلب قطعة, 1, 0.017857144
ساخن مع اضافة, 1, 1.0
هل يمكنني فتح الشباك, 1, 1.0
الحصول على وجبة الافطار, 1, 1.0
حمية معين, 1, 1.0
طعام المأكولات, 1, 0.05882353
اللحوم, 1, 1.0
الالكتروني الخاص, 1, 1.0
من المسؤول هنا, 1, 1.0
يقدم المطعم, 1, 1.0
للمجموعات الكبيرة, 1, 1.0
اريد طلب ثلاثة, 1, 0.017857144
افطار, 1, 1.0
الحصول على قائمة الفطور, 1, 0.2
اريد طلب بيتزا, 5, 0.08928572
اريد طلب بيتزا سلامي, 1, 0.2
هل يتوفر لديكم, 1, 1.0
هل تقدمون خبز خالي, 1, 0.5
أن أطلب كعكة عيد, 1, 1.0
طعام خاص لمرضى القلب, 1, 0.5
اريد طلب ستيك, 2, 0.035714287
أعاني من حساسية, 2, 1.0
تفتحون في فترة الاعياد, 1, 1.0
بوظة خاصة, 4, 0.23529412
وجبة سمك مشوي, 1, 1.0
الثلج لمشروبي, 1, 1.0
السوداني, 2, 1.0
متوسطة, 1, 1.0
أي نوع من, 1, 1.0
اريد طلب شاي مثلج, 1, 1.0
تنفيذ ذلك, 1, 1.0
طلب ساندويتش دجاج, 3, 0.6
هل لديكم عصائر, 1, 0.045454547
تقدمون الطعام الايطالي, 1, 0.5
بوفيه, 1, 1.0
عنوان بريد الالكتروني الخاص, 1, 1.0
بلغات, 1, 1.0
بطريقة تناسب الاطفال, 1, 1.0
اريد وجبة خالية, 2, 0.6666667
على الحساء كطبق جانبي, 1, 1.0
كلمة سر الانترنت, 1, 1.0
مقلي مع, 1, 1.0
اريد طلب وجبة برغر, 2, 0.25
سلمون, 1, 1.0
توفرون خيارات متعددة, 1, 1.0
جمبري, 1, 1.0
كأس ماء, 2, 1.0
باردة, 1, 1.0
اضافة سيرب الكاراميل, 1, 1.0
المطعم قوائم خاصة خاصة, 1, 1.0
خاصة ببرنامج, 1, 0.05882353
للاشخاص الذين, 1, 1.0
ما الوجبة التي, 1, 0.5
يقدم, 1, 1.0
يمكنك اضافة, 3, 0.25
اريد طلب كوب ماء, 1, 0.125
نظام طلب عبر, 1, 1.0
اريد طلب كعكة مع, 1, 0.5
كعكة عيد ميلاد, 1, 1.0
هل تقدمون وجبات خفيفة, 1, 0.5
جزر طازج, 1, 1.0
إفطار متأخر في, 1, 1.0
طعام خاص, 4, 0.23529412
تجاه الفول, 1, 0.5
المنزل, 1, 1.0
لديكم بطاطا حلوة مشوية, 1, 0.5
طعام خاصة بالمناسبات, 1, 0.33333334
قهوة خالي من, 1, 1.0
بالوجبات الخالية من الغلوتين, 1, 1.0
توفرون طعام خاص, 3, 0.75
عنوان بريد الالكتروني, 1, 1.0
حفلة, 1, 1.0
خيارات نباتية في القائمة, 1, 1.0
يمكنك اطفاء المكيف, 1, 1.0
اشتراك للزبائن الدائمين, 1, 1.0
كوب شاي بالنعنح, 1, 1.0
خاصة خاصة بالمناسبات, 1, 1.0
هل يتوفر لديكم خيارات, 1, 1.0
طبق باستا بالصوص الاحمر, 1, 1.0
الثلج, 1, 1.0
هل تفتحون في فترة, 1, 1.0
كابتشينو ساخن مع اضافة, 1, 1.0
توفرون خيارات متعددة لوجبة, 1, 1.0
خاص لمرضى القلب, 1, 0.5
اهل توفرون كعك خالي, 1, 1.0
بجانب, 2, 1.0
طلب ستيك لحم مشوي, 1, 0.5
طازجة, 3, 1.0
طبقان, 1, 1.0
مجمدة ام مصنوعة, 1, 1.0
اضافة ثلج, 1, 0.125
طلب بيتزا, 5, 0.072463766
اريد طلب وجبة جمبري, 1, 0.125
لديكم حلوى خالية, 1, 1.0
لذيذ جدا شكرا لك, 1, 1.0
ذاتية الاختيار في المطعم, 1, 1.0
الليمون, 3, 1.0
تتوفر خدمة توصيل, 1, 1.0
الطعام لذيذ جدا, 1, 1.0
تشكيلة مقبلات, 1, 0.5
الفحم, 2, 1.0
مثلج بنكهة الخوخ, 1, 0.5
سلامي حجم صغير, 1, 1.0
الكاراميل, 2, 1.0
توفرون تشكيلة واسعة من, 1, 1.0
لحم مشوي, 1, 0.33333334
طلب ثلاثة ساندويتش شاورما, 1, 1.0
مبتكرة, 1, 1.0
في المطعم, 7, 0.7
مع الوجبات, 2, 0.125
غذائية, 1, 1.0
يمكنني طلب طعام للخارج, 1, 1.0
هل لديكم حسابات على, 1, 1.0
اريد طلب ساندويتش شاورما, 1, 0.2
وجبات خفيفة, 1, 0.16666667
هل يمكنني الجلوس بجانب, 1, 0.5
حساسية اللاكتوز, 1, 0.16666667
لذيذ, 1, 1.0
حجز, 1, 1.0
يمكنني الحصل على طبق, 1, 1.0
على, 23, 1.0
او وجبات ذاتية الاختيار, 1, 1.0
علي, 1, 1.0
عيد ميلاد, 1, 1.0
يتم تحضير الطعام, 1, 1.0
المطم, 1, 1.0
هي ساعات عمل المطم, 1, 1.0
نوع من, 1, 1.0
طلب وجبة برغر, 2, 0.18181819
أطباقكم على هذا المكون, 1, 1.0
اسم المسؤول هنا, 1, 1.0
بوظة بجانب, 1, 0.05882353
طلب حساء المأكولات, 1, 0.25
الافطار, 2, 1.0
لديكم خدمة, 2, 0.08695652
يمكنك اخباري بالوجبات النباتية, 1, 0.5
اريد أن أحجز, 1, 1.0
انواع العصائر الطازجة, 1, 1.0
عمل, 1, 1.0
كوب قهوة باردة, 1, 0.33333334
أن, 3, 1.0
سيرب للبوظة, 1, 0.5
أي, 1, 1.0
هل هذه الطاولة, 1, 1.0
يمكنك احضار المزيد من, 1, 1.0
حجم, 1, 1.0
يمكنك اخباري بكلمة سر, 1, 1.0
أين الحمام, 1, 0.5
طبق دجاج, 1, 0.14285715
بوظة مجمدة ام مصنوعة, 1, 1.0
تفتحون, 1, 1.0
مشروب, 1, 1.0
توفرون كعك خالي, 2, 1.0
غازي, 1, 1.0
هل توفرون مشروبات بدون, 1, 0.33333334
ما هي افضل وجبة, 1, 1.0
من الصلصة على طبق, 1, 1.0
متى يفتح, 1, 0.5
متأخر في, 1, 1.0
بطاقة, 1, 1.0
هل يمكنك اقتراح, 1, 0.083333336
هل يمكنني الجلوس هنا, 1, 0.5
الباردة, 1, 1.0
توفرون خدمة التوصيل للمنزل, 1, 1.0
الخيارات النباتية, 1, 1.0
يتوفر, 1, 1.0
يتم تحضير الطعام بشكل, 1, 1.0
هل توفرون كعك, 1, 0.04347826
وجبة خاصة, 4, 0.2
بوظة بنكهة الحمضيات, 1, 0.2
ما هو عنوان, 1, 0.5
خاصة هل يمكنكم تنفيذ, 1, 1.0
هل يمكنني الطلب, 1, 0.030303031
طلب ساندويتش شاورما, 1, 0.2
اريد طلب طبق, 5, 0.08928572
دجاج مقلي مع صوص, 1, 1.0
مشوي مع صوص الليمون, 1, 1.0
هل تقدمون مشروبات, 1, 0.05263158
لديكم, 23, 1.0
صيني, 1, 1.0
هل لديكم قائمة, 5, 0.22727273
من الباستا, 1, 0.032258064
لسبعة أشخاص في المطعم, 1, 1.0
هل يمكنني فتح, 1, 0.030303031
هل تقدمون بوظة بنكهات, 1, 0.25
بطاطا حلوة, 2, 1.0
خالية من السكر, 2, 0.25
عصير تفاح طازج, 1, 1.0
لسبعة أشخاص, 1, 1.0
توفرون قوائم طعام, 1, 1.0
احجام مختلفة من البوطة, 1, 1.0
هل توفرون بوفيه او, 1, 1.0
حساء الفطر, 1, 0.25
طلب عبر الانترنت, 1, 1.0
توفرون طعام, 4, 0.16666667
طعام عضوي, 2, 0.11764706
قوائم خاصة خاصة, 1, 1.0
أريد أن أحجز طاولة, 1, 1.0
تشكيلة واسعة, 1, 0.5
قطعة, 1, 1.0
بوظة بنكهة الشوكولاطة مع, 1, 1.0
اطفاء المكيف, 1, 1.0
ام, 1, 1.0
بها, 1, 1.0
الافطار في اي وقت, 1, 1.0
لحم مع الخضار, 1, 1.0
او, 5, 1.0
اي, 1, 1.0
طازج بالمطعم, 1, 0.33333334
عيد, 1, 1.0
خبز اضافي مع, 1, 1.0
هل يتم تحضير, 1, 1.0
او مناسبة خاصة, 1, 1.0
تقدمون عصائر, 1, 0.05263158
الطاولة, 1, 1.0
طلب كعكة بنكهة, 1, 0.5
على كوب قهوة بعد, 1, 1.0
خيارات نباتية, 1, 0.5
من الطباخ, 1, 0.032258064
طعام بلغات, 1, 0.05882353
الويب الخاص, 1, 1.0
الشوكولاطة مع اضافة, 1, 1.0
يمكنني طلب كوب, 2, 0.16666667
يمكنني اختيار الاضافات للبوظة, 1, 1.0
هل يمكنكم تنفيذ ذلك, 1, 1.0
بالأطفال, 1, 1.0
طعام خاصة ببرنامج, 1, 0.33333334
هل توفرون طعام, 4, 0.17391305
هل يمكنني الطلب الان, 1, 1.0
اريد طلب طبق باستا, 2, 0.4
اريد طلب فنجان قهوة, 1, 1.0
يمكنك احضار الحساب, 1, 0.25
هل تقدمون مشروبات خاصة, 1, 1.0
العصائر الطازجة في المطعم, 1, 1.0
او مناسبة, 1, 0.2
خاصة بدون ملح, 1, 0.5
وجبة الافطار في اي, 1, 1.0
في فترة الاعياد, 1, 1.0
الدردشة المباشرة على, 1, 1.0
تحتوي, 1, 1.0
بوفيه او وجبات, 1, 1.0
طلب وجبتان, 1, 0.014492754
من اللحوم, 1, 0.032258064
لديكم وجبات, 1, 0.04347826
الحصول على, 14, 1.0
مجمدة ام, 1, 1.0
طلب فنجان, 1, 0.014492754
اين الملح, 1, 1.0
لديكم كعكة, 1, 0.04347826
خيارات متعددة, 1, 0.5
او الطعام للمجموعات, 1, 1.0
يعانون من حساسية, 1, 1.0
فوتوتشيني, 1, 1.0
هل توفرون, 23, 0.19008264
دجاج, 6, 1.0
بريد الالكتروني الخاص بالمطعم, 1, 1.0
هل يمكنك اخباري, 3, 0.25
للاشخاص الذين يعانون, 1, 1.0
ذاتية, 1, 1.0
ما الوجبة التي تقترحها, 1, 1.0
تقدمون بوظة مجمدة ام, 1, 1.0
بالوجبات النباتية, 1, 0.5
او مناسبة خاصة في, 1, 1.0
بدون ملح, 1, 0.25
هل توفرون خدمة الولائم, 1, 0.33333334
هل توفرون احجام مختلفة, 1, 1.0
وجبات سريعة, 1, 0.16666667
باسوورد, 1, 1.0
بعد الوجبة, 1, 1.0
طلب وجبة اطفال, 1, 0.09090909
صوص الباربكيو, 1, 0.5
بوظة خالية من, 2, 1.0
طعام خاص لمن, 1, 0.25
بالوجبات الخالية, 1, 0.5
أحجز, 2, 1.0
الباستا بالصوص, 1, 0.5
وجبات الأطفال, 1, 0.16666667
خاص لمرضى السكري, 1, 0.5
للباستا, 1, 1.0
خدمة التوصيل, 1, 0.14285715
مثلج, 2, 1.0
أطباقكم, 1, 1.0
طلب طبقان من, 1, 1.0
هل لديكم شاي مثلج, 1, 1.0
اقتراح وجبة دجاج, 1, 1.0
لمن يعاني, 3, 1.0
هل لديكم بطاطا حلوة, 2, 1.0
اريد أن أحجز طاولة, 1, 1.0
نوع, 1, 1.0
تنصحون بها, 1, 1.0
يوجد, 2, 1.0
الدردشة المباشرة, 1, 1.0
بارد, 2, 1.0
طبقان من الباستا, 1, 1.0
الطعام للمجموعات الكبيرة, 1, 1.0
حساسية اتجاه الفول, 1, 1.0
لمرضى السكري, 1, 0.5
قائمة طعام المأكولات, 1, 0.14285715
ساخن, 2, 1.0
على طلبية, 1, 0.04347826
يمكنني فتح, 1, 0.029411765
اضافة المزيد من الصوص, 1, 0.33333334
هي افضل وجبة تقدمونها, 1, 1.0
سمك مشوي مع صوص, 1, 1.0
توصيل, 4, 1.0
ما الوجبة الأكثر, 1, 0.5
بالمناسبات او الحفلات, 1, 1.0
خاصة بالأطفال, 1, 0.05882353
حساسية تجاه القمح, 1, 0.5
محجوزة, 1, 1.0
طعام مناسب للاشخاص الذين, 1, 1.0
خاصة بدون مكونات معينة, 1, 1.0
او اضافات على, 1, 1.0
كأس, 2, 1.0
السكري, 1, 1.0
قوائم طعام بلغات, 1, 1.0
الرئيسية, 1, 1.0
على مواقع التواصل, 1, 1.0
خدمة الولائم او الطعام, 1, 1.0
صوص, 2, 1.0
توفرون بوفيه او, 1, 1.0
اتجاه, 1, 1.0
على هذا المكون, 1, 1.0
يمكنني الحصول على مشروب, 1, 0.07692308
يعانون, 1, 1.0
هل توفرون وجبات مشوية, 1, 1.0
طلب كوب قهوة باردة, 1, 0.5
ثلج الي كوب الماء, 1, 1.0
خدمة الدردشة المباشرة على, 1, 1.0
على قائمة الطعام, 1, 0.2
شكرا, 1, 1.0
اخباري بالوجبات الخالية من, 1, 1.0
طلب طبق, 5, 0.072463766
تقدمون هدايا مع, 1, 0.5
وجبة, 20, 1.0
على مواقع التواصل الاجتماعي, 1, 1.0
شوكولاطة, 1, 1.0
مختلفة, 1, 1.0
عيد ميلاد خاصة, 1, 1.0
خدمة التوصيل للمنزل, 1, 1.0
على طبق بطاطس صغير, 1, 1.0
الولائم او الطعام, 1, 1.0
رقم, 1, 1.0
متأخر في المطعم, 1, 1.0
السوداني هل, 1, 0.5
المزيد من الصوص للباستا, 1, 1.0
حساء المأكولات, 1, 0.25
البحرية, 3, 1.0
الشباك, 1, 1.0
هدايا للأطفال, 1, 0.5
الافطار في اي, 1, 1.0
الحصول على قائمة المشروبات, 2, 0.4
الويب الخاص بالمطعم, 1, 1.0
المزيد من الصلصة, 1, 0.25
توفرون كعك, 2, 0.083333336
طلب كعكة, 2, 0.028985508
الفاتورة, 1, 1.0
طلبا, 1, 1.0
ودرجة, 1, 1.0
مناسبة خاصة, 1, 1.0
على وجبة, 1, 0.04347826
الحصول على طلبية توصيل, 1, 1.0
وجبة خاصة بدون ملح, 1, 0.5
طلب وجبة برغر نباتي, 1, 0.5
للخارج, 2, 1.0
أشخاص في المطعم, 1, 1.0
الأطباق الرئيسية تنصحون بها, 1, 1.0
سر, 2, 1.0
السلطة مع الوجبات, 1, 1.0
تجاه القمح اريد وجبة, 1, 1.0
من المشروبات الباردة, 1, 1.0
تقدمون بوظة, 4, 0.21052632
من حساسية غذائية, 1, 0.16666667
هذا, 1, 1.0
لحم مشوي ودرجة نضج, 1, 1.0
على الحساء كطبق, 1, 1.0
مناسب للاشخاص الذين, 1, 1.0
مثل الكاراميل, 1, 1.0
انواع, 2, 1.0
على صلصة اضافية للوجبة, 1, 1.0
لديكم عصائر, 1, 0.04347826
كوب شاي, 1, 0.083333336
هذه, 1, 1.0
تحتوي أطباقكم, 1, 1.0
وجبة سوشي, 1, 0.05
يوجد مساحة خاصة, 1, 1.0
مع صوص الليمون, 1, 0.5
لديكم بطاطا حلوة, 2, 1.0
نودلز مع الخضار, 1, 1.0
هل تحتوي أطباقكم على, 1, 1.0
بدون مكونات معينة, 1, 1.0
ما هي انواع العصائر, 1, 0.5
اضافات على, 1, 1.0
خبز مع المقبلات, 1, 1.0
بوظة مزيج من النكهات, 1, 1.0
اريد طلب طبقان, 1, 0.017857144
اضافة بوطة لجانبها, 1, 1.0
مع وجبات الأطفال, 1, 1.0
من حساسية تجاه القمح, 1, 0.5
الحفلات, 1, 1.0
طلب شاي مثلج, 1, 1.0
اسم صاحب المطعم, 1, 1.0
تعديلات او اضافات, 1, 1.0
هل يمكنني طلب عصير, 1, 0.083333336
بيتزا خضار كبيرة, 1, 0.5
الطعام بطريقة, 1, 0.14285715
مزيج من, 1, 1.0
هل تقدمون بوظة بجانب, 1, 0.25
الجلوس بجانب, 1, 0.33333334
الجبن على, 1, 1.0
الحصول على الحساء, 1, 0.071428575
هل تقدمون عصائر طازجة, 1, 1.0
هل لديكم خدمة, 2, 0.09090909
اريد طلب, 56, 0.8888889
هل تقدمون طعام خاص, 1, 0.5
للاطفال, 3, 1.0
بنكهات, 1, 1.0
طلب سلطة سيزر, 1, 0.5
ببرنامج حمية, 1, 1.0
اريد وجبة, 3, 0.04761905
وجبات, 6, 1.0
نباتية, 2, 1.0
الصلصة, 1, 1.0
تتوفر, 1, 1.0
تفاح طازج, 1, 1.0
كوب ماء, 1, 0.083333336
لتنظيم حفلة او, 1, 1.0
خضار كبيرة, 1, 0.33333334
أنا أعاني من, 2, 1.0
طلب تعديلات او اضافات, 1, 1.0
أن أحجز, 2, 0.6666667
طلب بيتزا بيبروني مع, 1, 1.0
خدمة توصيل للمنزل, 1, 0.33333334
من حساسية القمح, 1, 0.16666667
الي كوب, 1, 1.0
على طبق بطاطس, 1, 0.5
توفرون طعام خاص للنباتيين, 1, 0.33333334
موقع, 1, 1.0
الجبن على طبقي, 1, 1.0
هل تحتوي, 1, 0.008264462
اي وقت من, 1, 1.0
قائمة طعام خاصة بالمناسبات, 1, 0.33333334
بوظة, 17, 1.0
الملح, 1, 1.0
مقلي مع صوص, 1, 1.0
شاي مثلج, 2, 0.6666667
على الحساء, 1, 0.04347826
يمكنكم تنفيذ, 1, 1.0
ما هو رقم هاتف, 1, 1.0
اضافية, 1, 1.0
بكلمة سر الانترنت, 1, 1.0
هو عنوان بريد الالكتروني, 1, 1.0
للزبائن, 1, 1.0
طلب بوظة شوكولاطة, 1, 0.2
ما اسم الطباخ, 1, 0.33333334
مصنوعة يدويا, 1, 1.0
مجمدة ام مصنوعة يدويا, 1, 1.0
الفطر, 2, 1.0
ما أفضل, 1, 0.06666667
هل توفرون بوفيه, 1, 0.04347826
الباردة والساخنة, 1, 1.0
صلصة اضافية, 1, 1.0
تقدمون خبز خالي, 1, 0.5
لديكم قائمة طعام المأكولات, 1, 0.2
ساندويتش دجاج مقلي, 1, 0.33333334
تقدمون وجبة, 1, 0.05263158
النباتية, 2, 1.0
يمكنك اضافة المزيد من, 2, 1.0
جدا شكرا, 1, 1.0
طلب كعكة مع اضافة, 1, 1.0
ستيك, 4, 1.0
تقترحها علي, 1, 1.0
الصلصة على طبق الباستا, 1, 1.0
طلب كوب, 10, 0.14492753
الحصول على مشروب, 1, 0.071428575
وجبة افطار, 1, 0.05
باستا بالصلصة البيضاء, 1, 1.0
حجز طاولة للغد, 1, 1.0
الطلب الان, 1, 1.0
تقدمون وجبات, 2, 0.10526316
مشروبات بدون, 1, 0.25
قطعة ستيك مشوية, 1, 1.0
لديكم خدمة توصيل خارجية, 1, 0.5
يغلق, 1, 1.0
الصويا, 1, 1.0
هل يمكنني الحجز لتنظيم, 1, 1.0
ساعات عمل, 1, 1.0
احضار, 4, 1.0
غير تقليدية, 1, 1.0
ميلاد خاصة هل, 1, 1.0
على موقع, 1, 0.04347826
نظام طلب, 1, 1.0
وجبة الافطار, 1, 0.05
قهوة خالي, 1, 0.25
هل يمكنني الحصول على, 13, 1.0
طلب سمك سلمون مشوي, 1, 1.0
خاصة هل, 1, 0.05882353
صغيرة, 2, 1.0
الفراولة, 1, 1.0
بكلمة, 1, 1.0
هل لديكم كرسي, 1, 0.045454547
هدايا مع وجبات, 1, 1.0
ببرنامج حمية معين, 1, 1.0
اريد طلب حساء الفطر, 1, 0.25
هل يمكنن ياضافة, 1, 1.0
خاصة للمناسات, 1, 0.05882353
للنباتيين, 2, 1.0
خاص, 4, 1.0
وجبة خاصة بدون مكونات, 1, 0.5
واسعة من, 1, 1.0
الالكتروني, 1, 1.0
الجبن, 1, 1.0
السلطة مع, 1, 1.0
المشروبات الباردة والساخنة, 1, 1.0
اتجاه الفول, 1, 1.0
تتوفر خدمة توصيل للمنزل, 1, 1.0
اريد طلب سمك بوري, 1, 0.5
الحصول على الحساء كطبق, 1, 1.0
مع اضافة سيرب, 1, 0.33333334
بوظة بجانب الكعك, 1, 1.0
وجبة جمبري, 1, 0.05
مثلج بنكهة, 2, 1.0
مناسبة خاصة في, 1, 1.0
خدمة إفطار متأخر, 1, 1.0
التوصيل للمنزل, 1, 1.0
طبق سلطة خضار مع, 1, 1.0
طبق دجاج ستيك, 1, 1.0
الأطباق, 1, 1.0
اريد طلب بيتزا بيبروني, 1, 0.2
يتوفر لديكم, 1, 1.0
افضل, 1, 1.0
خبز, 3, 1.0
طلب وجبة سمك, 1, 0.09090909
خضار بدون, 1, 0.33333334
خاصة في, 1, 0.05882353
هل يوجد, 2, 0.016528925
خدمة توصيل للطعام, 1, 0.33333334
يعانون من, 1, 1.0
حساسية اتجاه, 1, 0.16666667
قهوة باردة, 1, 0.25
حلوة مقلية, 1, 0.5
متأخر, 1, 1.0
اضافة المزيد من, 3, 1.0
هي ساعات, 1, 0.14285715
بوظة بنكهة الشوكولاطة, 1, 0.2
حسابات على مواقع التواصل, 1, 1.0
هاتف المطعم, 1, 1.0
تشكيلة واسعة من, 1, 1.0
انواع البوظة في, 1, 1.0
أطلب كعكة عيد, 1, 1.0
هل لديكم كعكة, 1, 0.045454547
توفرون قائمة طعام لمن, 1, 0.5
طلب ثلاثة, 1, 0.014492754
مع الدجاج, 2, 0.125
الطعام بطريقة تناسب, 1, 1.0
بالخضار وصوص, 1, 0.5
هل توفرون احجام, 1, 0.04347826
شوكولاطة صغيرة, 1, 1.0
طلب كوب قهوة خالي, 1, 0.5
سلطة, 3, 1.0
الحجز لتنظيم حفلة, 1, 1.0
ما هي ساعات, 1, 0.14285715
مع اضافة السكر, 1, 0.33333334
حجم صغير, 1, 1.0
طلب بيتزا سلامي, 1, 0.2
اريد طلب تشكيلة مقبلات, 1, 1.0
وجبة سمك, 1, 0.05
وجبة خالية من اللحوم, 1, 0.33333334
اريد طلب كوب, 8, 0.14285715
الافطار في, 1, 0.5
هل توفرون مشروبات غازية, 1, 0.33333334
طلب طبق باستا, 2, 0.4
النافذة, 1, 1.0
هل لديكم, 22, 0.18181819
ستيك لحم مشوي ودرجة, 1, 1.0
خاصة بدون مكونات, 1, 0.5
ام مصنوعة يدويا, 1, 1.0
شكرا لك, 1, 1.0
خاصة للاطفال مع, 1, 0.33333334
طبق بطاطس, 2, 0.2857143
الرئيسية تنصحون, 1, 1.0
هل لديكم حسابات, 1, 0.045454547
طلب وجبة, 11, 0.1594203
هل يمكنن ياضافة سيرب, 1, 1.0
طعام لمن, 1, 0.05882353
طاولة لسبعة أشخاص, 1, 1.0
بيتزا سلامي حجم صغير, 1, 1.0
الكبيرة, 1, 1.0
اريد طلب شاي, 1, 0.017857144
بوظة خالية, 2, 0.11764706
معينة, 1, 1.0
اضافة المزيد, 3, 0.375
سيزر, 1, 1.0
يمكنني الجلوس, 3, 0.0882353
خدمة إفطار متأخر في, 1, 1.0
واسعة, 1, 1.0
سيرب, 2, 1.0
طلب كعكة مع, 1, 0.5
كعك خالي, 2, 1.0
طلب ستيك لحم, 2, 1.0
في, 10, 1.0
ميلاد, 1, 1.0
من الجبن على, 1, 1.0
طعام الكترونية, 1, 0.05882353
طلب نودلز, 1, 0.014492754
خالي من السكر, 1, 0.25
قائمة طعام خاصة بالأطفال, 1, 0.33333334
من السكر, 3, 0.09677419
هل تقدمون وجبة افطار, 1, 1.0
مختلفة من, 1, 1.0
لتنظيم, 1, 1.0
طلب وجبة سمك مشوي, 1, 1.0
خيارات, 2, 1.0
لديكم سبرايت, 1, 0.04347826
بوظة بنكهات مبتكرة غير, 1, 1.0
هل لديكم حلوى, 1, 0.045454547
تقدمون خدمة إفطار, 1, 1.0
هل يمكنني طلب طعام, 1, 0.083333336
سبرايت, 1, 1.0
مع المقبلات, 1, 0.0625
طعام مناسب, 1, 0.05882353
اريد طلب سمك, 2, 0.035714287
الحصول على كأس ماء, 1, 1.0
يمكنني الطلب, 1, 0.029411765
تقدمون خدمة, 1, 0.05263158
يمكنني طلب, 12, 0.3529412
فواكه, 1, 1.0
بوظة خالية من السكر, 2, 1.0
الفول السوداني هل تحتوي, 1, 1.0
النكهات, 1, 1.0
على مشروب, 1, 0.04347826
بجانب النافذة, 1, 0.5
البوظة, 1, 1.0
يمكنك اضافة المزيد, 2, 0.6666667
كافيين, 1, 1.0
أين يمكنني الجلوس, 1, 1.0
صغير, 3, 1.0
ما هي ساعات عمل, 1, 1.0
لذيذ جدا, 1, 1.0
وصوص, 1, 1.0
ملعقة, 1, 1.0
الاختيار, 1, 1.0
بوظة بنكهات مبتكرة, 1, 1.0
لديكم خيارات, 1, 0.04347826
بوظة شوكولاطة صغيرة, 1, 1.0
تحضير الطعام بشكل طازج, 1, 1.0
هل تقدمون السلطة, 1, 0.05263158
لك, 1, 1.0
في اي وقت من, 1, 1.0
ما, 15, 1.0
ليمون, 1, 1.0
تفتحون في, 1, 1.0
على الفحم, 2, 0.08695652
بشكل, 1, 1.0
تقدمون بوظة بجانب, 1, 0.25
يمكنك اخباري بالوجبات, 2, 0.6666667
هي كلمة, 1, 0.14285715
مع, 16, 1.0
تقدمون بوظة بجانب الكعك, 1, 1.0
قائمة الفطور, 1, 0.083333336
بالوجبات, 2, 1.0
تقدمون السلطة مع, 1, 1.0
من, 31, 1.0
هل يمكنك اطفاء المكيف, 1, 1.0
هل لديكم نظام طلب, 1, 1.0
اريد طلب ثلاثة ساندويتش, 1, 1.0
طلب طبق باستا بالصلصة, 1, 0.5
الطعام بشكل طازج بالمطعم, 1, 1.0
اريد طلب قطعة ستيك, 1, 1.0
اريد اضافة ثلج الي, 1, 1.0
الاجتماعي, 1, 1.0
توفرون بوظة خاصة لمن, 1, 0.5
القائمة, 1, 1.0
كعك خالي من, 2, 1.0
هل توفرون قوائم طعام, 1, 1.0
هل تقدمون خبز مع, 1, 0.5
انواع البوظة, 1, 0.5
يمكنك, 12, 1.0
حلوى خالية, 1, 0.5
كعك, 2, 1.0
يمكنن, 1, 1.0
اضافة, 8, 1.0
البوطة, 1, 1.0
طلب بوظة, 5, 0.072463766
طلب عصير ليمون, 1, 0.33333334
وجبات مشوية, 1, 0.16666667
حلوى خالية من الغلوتين, 1, 1.0
طبق باستا بالصلصة, 1, 0.5
خبز مع, 1, 0.33333334
الحلويات, 1, 1.0
اضافي, 1, 1.0
هل, 121, 1.0
هو, 2, 1.0
هدايا, 2, 1.0
هي, 7, 1.0
يمكنني الطلب الان, 1, 1.0
لتنظيم حفلة, 1, 1.0
الذين, 1, 1.0
مع الخضار, 2, 0.125
قائمة طعام مكسيكي, 1, 0.14285715
أشخاص, 1, 1.0
لديكم خيارات نباتية, 1, 1.0
أريد, 2, 1.0
خالية من, 8, 1.0
طلب بوظة خاصة للمناسات, 1, 1.0
للمناسات, 1, 1.0
باستا, 2, 1.0
هل توفرون خدمة الدردشة, 1, 0.33333334
غير, 1, 1.0
مقبلات, 1, 1.0
هل تقدمون هدايا للأطفال, 1, 0.5
توفرون طعام خاص لمن, 1, 0.33333334
هل تقدمون عصائر, 1, 0.05263158
اريد اضافة المزيد, 1, 0.5
طلب تعديلات او, 1, 1.0
لسبعة أشخاص في, 1, 1.0
ميلاد خاصة هل يمكنكم, 1, 1.0
هل توفرون طعام مناسب, 1, 0.25
هل تقدمون طعام عضوي, 1, 0.5
مقلي مع صوص الباربكيو, 1, 1.0
طلب ستيك, 2, 0.028985508
هل لديكم كعكة فواكه, 1, 1.0
المزيد من الجبن, 1, 0.25
اريد طلب حساء الطماطم, 1, 0.25
البيضاء, 1, 1.0
هل يتوفر, 1, 0.008264462
اريد طلب وجبتان اطفال, 1, 1.0
الحصول على مشروب غازي, 1, 1.0
خاصة لمن, 1, 0.05882353
مكونات معينة, 1, 1.0
حساء المأكولات البحرية, 1, 1.0
هي باسوورد, 1, 0.14285715
حساء الخضار, 1, 0.25
حساسية تجاه الفول, 1, 0.5
هنا, 5, 1.0
المسؤول هنا, 2, 1.0
الحصول على قائمة الحلويات, 1, 0.2
الطباخ هنا, 1, 0.5
لديكم عصائر طازجة, 1, 1.0
اضافي مع, 1, 1.0
لديكم كرسي للأطفال, 1, 1.0
الفول, 2, 1.0
اخباري, 3, 1.0
احضار كأس ماء, 1, 1.0
اضافة السكر, 1, 0.125
طعام لمن يعاني من, 1, 1.0
كعكة عيد ميلاد خاصة, 1, 1.0
أريد أن, 2, 1.0
يمكنني الجلوس بجانب النافذة, 1, 1.0
مشوي مع صوص, 1, 1.0
بوطة لجانبها, 1, 1.0
هل لديكم طعام صيني, 1, 1.0
السلطة, 1, 1.0
بدون زيتون, 1, 0.25
ساندويتش دجاج, 3, 0.5
أحجز طاولة لشخصين, 1, 0.5
اقتراح, 1, 1.0
احجام مختلفة من, 1, 1.0
المشروبات الباردة, 1, 0.33333334
هدايا للأطفال مع, 1, 1.0
مساحة خاصة للاطفال, 1, 1.0
اريد, 63, 1.0
خبز اضافي, 1, 0.33333334
هل تتوفر خدمة, 1, 1.0
توصيل للطعام, 1, 0.25
تحتوي أطباقكم على, 1, 1.0
ما أفضل وجبة, 1, 1.0
وجبة دجاج, 1, 0.05
وجبة اطفال, 1, 0.05
لتنظيم حفلة او مناسبة, 1, 1.0
التواصل, 1, 1.0
كولا, 1, 1.0
ببرنامج, 1, 1.0
الي كوب الماء, 1, 1.0
ساخن مع اضافة السكر, 1, 1.0
فنجان قهوة صغير, 1, 1.0
إلى, 1, 1.0
طبقان من, 1, 1.0
افضل وجبة تقدمونها, 1, 1.0
خالية من اللحوم, 1, 0.125
هل تقدمون طعام, 2, 0.10526316
طلب قطعة ستيك, 1, 1.0
تنفيذ, 1, 1.0
طبق, 7, 1.0
طعام, 17, 1.0
هل تملكون طعام, 1, 1.0
طعام خاص لمرضى, 2, 0.5
أفضل وجبة هنا, 1, 1.0
أعاني, 2, 1.0
دجاج ستيك, 1, 0.16666667
بوفيه او, 1, 1.0
هل يمكنك احضار الحساب, 1, 0.25
هل تقدمون هدايا, 2, 0.10526316
وجبة خالية من الغلوتين, 1, 0.33333334
طاولة, 3, 1.0
يمكنك اخباري, 3, 0.25
توفرون مشروبات بدون كافيين, 1, 1.0
هل لديكم وجبات, 1, 0.045454547
وجبتان, 1, 1.0
الوجبة, 4, 1.0
وجبة نودلز, 1, 0.05
ماء بارد, 1, 0.33333334
لديكم قائمة طعام, 5, 1.0
تعديلات, 1, 1.0
بيتزا بيبروني, 1, 0.2
اريد طلب كوب كابتشينو, 2, 0.25
تقدمون مشروبات خاصة للاطفال, 1, 1.0
بيتزا سلامي حجم, 1, 1.0
اريد اضافة ثلج, 1, 0.5
خاصة للاطفال, 3, 0.1764706
لحم بالخضار, 1, 0.33333334
طلب سلطة, 2, 0.028985508
هل تحتوي أطباقكم, 1, 1.0
الصلصة على طبق, 1, 1.0
كوب ماء بارد, 1, 1.0
توصيل إلى, 1, 0.25
الأطفال, 1, 1.0
للاطفال مع, 1, 0.33333334
الأكثر طلبا, 1, 1.0
هل تفتحون في, 1, 1.0
نباتية في القائمة, 1, 1.0
هل لديكم حلوى خالية, 1, 1.0
كعك خالي من الغلوتين, 1, 0.5
اريد طلب كولا, 1, 0.017857144
كعكة فواكه, 1, 0.25
توصيل للمنزل, 1, 0.25
خالي من, 4, 1.0
اريد طلب تشكيلة, 1, 0.017857144
اضافة ثلج الي, 1, 1.0
يمكنني طلب تعديلات او, 1, 1.0
حلوى خالية من, 1, 1.0
طلب بيتزا خضار بدون, 1, 0.5
يقدم المطعم قوائم خاصة, 1, 1.0
احجام مختلفة, 1, 1.0
الحصول, 14, 1.0
هدايا للأطفال مع الوجبات, 1, 1.0
هل توفرون وجبات, 1, 0.04347826
هل يمكنني الحصل على, 1, 1.0
يمكنك اقتراح, 1, 0.083333336
مساحة, 1, 1.0
خدمة الولائم, 1, 0.14285715
الاطفال, 1, 1.0
قطعة ستيك, 1, 1.0
مزيج من النكهات, 1, 1.0
هو رقم هاتف, 1, 1.0
لوجبة الافطار, 1, 1.0
حفلة او مناسبة خاصة, 1, 1.0
طبق سلطة خضار, 1, 1.0
عصائر, 2, 1.0
القمح اريد, 1, 0.33333334
ساندويتش دجاج بالخصار, 1, 0.33333334
هذا المكون, 1, 1.0
المكيف, 1, 1.0
اضافية للوجبة, 1, 1.0
الصلصة على, 1, 1.0
مشوي ودرجة نضج, 1, 1.0
أريد أن أطلب, 1, 0.5
يوجد مساحة, 1, 0.5
يمكنني الحصول على طلبية, 1, 0.07692308
طبق سلطة, 1, 0.14285715
ما هو, 2, 0.13333334
ما هي افضل, 1, 0.14285715
واسعة من المشروبات الباردة, 1, 1.0
بوفيه او وجبات ذاتية, 1, 1.0
يمكنني طلب عصير ليمون, 1, 1.0
وجبات للأطفال, 1, 0.16666667
طلب بوظة للخارج, 1, 0.2
توفرون تشكيلة واسعة, 1, 1.0
تقدمون طعام خاص لمرضى, 1, 1.0
اخباري بكلمة سر, 1, 1.0
يمكنني الحصول على, 13, 1.0
طلب بوظة خاصة, 1, 0.2
المزيد, 4, 1.0
طعام خاصة بالأطفال, 1, 0.33333334
مع الطعام, 1, 0.0625
اللاكتوز, 1, 1.0
للمجموعات, 1, 1.0
اريد طلب سلطة المأكولات, 1, 0.5
اشتراك للزبائن, 1, 1.0
بالمناسبات, 2, 1.0
خاصة خاصة, 1, 0.05882353
المكون, 1, 1.0
وجبة نودلز بالخضار وصوص, 1, 1.0
هل يمكنك اطفاء, 1, 0.083333336
للاشخاص, 1, 1.0
احضار الفاتورة, 1, 0.25
أفضل وجبة, 1, 1.0
كلمة سر, 1, 1.0
خضار, 3, 1.0
مشروبات غازية, 1, 0.25
مواقع, 1, 1.0
طلبية توصيل إلى, 1, 1.0
لمشروبي, 1, 1.0
خاصة ببرنامج حمية معين, 1, 1.0
هل تقدمون, 19, 0.1570248
احضار المزيد من, 1, 1.0
طلب شاي مثلج بنكهة, 1, 1.0
نودلز بالخضار وصوص الصويا, 1, 1.0
لديكم بوظة, 1, 0.04347826
الصوص, 1, 1.0
ما هي, 7, 0.46666667
لديكم طعام صيني, 1, 1.0
طعام المأكولات البحرية, 1, 1.0
اضافات على الوجبة, 1, 1.0
اطفاء, 1, 1.0
الحصول على قائمة الطعام, 1, 0.2
هل هذه, 1, 0.008264462
هل توفرون تشكيلة واسعة, 1, 1.0
كوب, 12, 1.0
لديكم كرسي, 1, 0.04347826
على طبق الباستا, 1, 0.5
مأكولات, 1, 1.0
الحجز لتنظيم حفلة او, 1, 1.0
وجبة خاصة خالية من, 2, 1.0
أطلب كعكة, 1, 1.0
هل توفرون خدمة, 3, 0.13043478
تقدمون بوظة خاصة للاطفال, 1, 1.0
في فترة, 1, 0.1
كطبق, 1, 1.0
بدون, 4, 1.0
خالي من الغلوتين, 2, 0.5
طلب كوب كابتشينو بارد, 1, 0.33333334
اريد طلب طبقان من, 1, 1.0
يمكنني الحصول على صلصة, 1, 0.07692308
من الأطباق الرئيسية, 1, 1.0
اريد طلب حساء المأكولات, 1, 0.25
هذه الطاولة, 1, 1.0
هو عنوان بريد, 1, 1.0
تقدمون بوظة بنكهات مبتكرة, 1, 1.0
مشروبات خاصة للاطفال, 1, 1.0
يمكنك اقتراح وجبة دجاج, 1, 1.0
طلب سمك بوري, 1, 0.5
اقتراح وجبة, 1, 1.0
هل يقدم المطعم قوائم, 1, 1.0
ثلج الي كوب, 1, 1.0
هي انواع البوظة, 1, 0.5
الحساء كطبق جانبي, 1, 1.0
أشخاص في, 1, 1.0
هي انواع البوظة في, 1, 1.0
تجاه الفول السوداني, 1, 1.0
نودلز مع, 1, 0.5
ودرجة نضج, 1, 1.0
احضار المزيد من الكراسي, 1, 1.0
الطماطم, 1, 1.0
توفرون احجام مختلفة, 1, 1.0
خاصة ببرنامج حمية, 1, 1.0
بيبروني مع الفطر, 1, 1.0
هل يمكنك اضافة الثلج, 1, 0.33333334
كوب كابتشينو بارد, 1, 0.33333334
الحصول على طلبية, 1, 0.071428575
الحصل, 1, 1.0
طلب وجبة نودلز بالخضار, 1, 1.0
طلب فنجان قهوة, 1, 1.0
مصنوعة, 1, 1.0
الفانيلا, 2, 1.0
توفرون خدمة الولائم او, 1, 1.0
لحم, 3, 1.0
لذيذة, 1, 1.0
طلب وجبة خاصة خالية, 2, 0.5
قهوة خالي من الكافيين, 1, 1.0
الشوكولاطة مع اضافة سيرب, 1, 1.0
ستيك مشوية, 1, 0.25
اقتراح وجبة دجاج لذيذة, 1, 1.0
ساندويتش لحم بالخضار, 1, 1.0
هدايا مع وجبات الأطفال, 1, 1.0
من الباستا بالصوص, 1, 1.0
ثلاثة ساندويتش شاورما, 1, 1.0
على الوجبة, 1, 0.04347826
سمك مشوي, 1, 0.33333334
الاضافات, 1, 1.0
يوجد بطاقة اشتراك, 1, 1.0
مع صوص, 2, 0.125
ما هي باسوورد الانترنت, 1, 1.0
اضافة سيرب, 1, 0.125
خبز خالي من الغلوتين, 1, 1.0
هل يمكنك اقتراح وجبة, 1, 1.0
أي نوع, 1, 1.0
تعديلات او اضافات على, 1, 1.0
قائمة طعام خاصة, 3, 0.42857143
عنوان بريد, 1, 1.0
هل يمكنني الحصل, 1, 0.030303031
اليوم, 1, 1.0
ستيك لحم مع, 1, 0.5
يتوفر لديكم خيارات نباتية, 1, 1.0
هو عنوان, 1, 0.5
مشوي, 3, 1.0
طلب عصير تفاح طازج, 1, 1.0
طلب سلطة سيزر مع, 1, 1.0
المسؤول, 2, 1.0
الفطور, 1, 1.0
يوجد مساحة خاصة للاطفال, 1, 1.0
هل يمكنني حجز, 1, 0.030303031
طلب قطعة, 1, 0.014492754
المزيد من الصلصة على, 1, 1.0
قطعة ستيك مشوية على, 1, 1.0
اريد طلب عصير جزر, 1, 0.5
الخاص بالمطعم, 2, 1.0
طلب كوب ماء, 1, 0.1
اهل توفرون كعك, 1, 1.0
هل توفرون كعك خالي, 1, 1.0
هل يوجد مساحة خاصة, 1, 1.0
توفرون بوظة, 4, 0.16666667
توفرون بوظة خاصة للنباتيين, 1, 0.5
ميلاد خاصة, 1, 1.0
توفرون خدمة الدردشة, 1, 0.33333334
مكسيكي, 1, 1.0
طلب طعام للخارج, 1, 1.0
طعام لمن يعاني, 1, 1.0
طلب طبق سلطة خضار, 1, 1.0
خضار مع الدجاج, 1, 1.0
اضافة الثلج, 1, 0.125
بطاطا حلوة مشوية, 1, 0.5
يمكنني طلب بوظة للخارج, 1, 0.25
تقدمون السلطة, 1, 0.05263158
على مواقع, 1, 0.04347826
لسبعة, 1, 1.0
لديكم وجبة, 1, 0.04347826
الطازجة في المطعم, 1, 1.0
هل توفرون بوظة خالية, 2, 0.5
المطعم, 12, 1.0
نودلز بالخضار, 1, 0.5
شاي بالنعنح, 1, 0.33333334
الرئيسية تنصحون بها, 1, 1.0
القمح اريد وجبة خالية, 1, 1.0
ثلج الي, 1, 1.0
ما الوجبة الأكثر طلبا, 1, 1.0
بوظة بنكهة الليمون, 1, 0.2
ياضافة سيرب للبوظة, 1, 1.0
لذيذ جدا شكرا, 1, 1.0
أن أحجز طاولة, 2, 1.0
مع حلوى, 1, 0.0625
بالخضار, 2, 1.0
الدردشة, 1, 1.0
هل لديكم وجبة خالية, 1, 1.0
ستيك لحم, 2, 0.5
هل تتوفر, 1, 0.008264462
اريد طلب طبق بطاطس, 1, 0.2
ما اسم, 3, 0.2
طلب سمك, 2, 0.028985508
طاولة لسبعة, 1, 0.33333334
وجبة خاصة بدون, 2, 0.5
السوداني هل تحتوي, 1, 1.0
بطاقة اشتراك للزبائن, 1, 1.0
الطعام الايطالي, 1, 0.14285715
لديكم مأكولات, 1, 0.04347826
الحصل على طبق, 1, 1.0
كرسي للأطفال, 1, 1.0
خاصة بالمناسبات او الحفلات, 1, 1.0
طلب تشكيلة مقبلات, 1, 1.0
لمرضى, 2, 1.0
الحصول على صلصة, 1, 0.071428575
بنكهة الشوكولاطة مع, 1, 1.0
طلب شاي, 1, 0.014492754
باستا بالصوص, 1, 0.5
عصير, 3, 1.0
حسابات على, 1, 1.0
خاص لمن يعاني من, 1, 1.0
اي وقت, 1, 1.0
يمكنني طلب طعام, 1, 0.083333336
خيارات نباتية في, 1, 1.0
هل تقدمون هدايا مع, 1, 0.5
ساندويتش شاورما, 2, 0.33333334
اريد اضافة المزيد من, 1, 1.0
اريد طلب بوظة شوكولاطة, 1, 1.0
طلب بوظة شوكولاطة صغيرة, 1, 1.0
طعام خاصة, 3, 0.1764706
خضار مع, 1, 0.33333334
من الصوص للباستا, 1, 1.0
عيد ميلاد خاصة هل, 1, 1.0
نظام, 1, 1.0
هل توفرون قائمة طعام, 2, 1.0
طلب بيتزا صغيرة, 1, 0.2
توفرون مشروبات طازجة, 1, 0.33333334
المأكولات البحرية, 3, 1.0
من حساسية تجاه الفول, 1, 0.5
تقدمون الطعام بطريقة, 1, 0.5
لديكم نظام طلب, 1, 1.0
بنكهة الفانيلا, 2, 0.25
طلب كوب شاي, 1, 0.1
أين يمكنني, 1, 0.5
تقدمونها, 1, 1.0
طازج, 3, 1.0
هل يمكنني اختيار, 1, 0.030303031
التواصل الاجتماعي, 1, 1.0
حساء, 4, 1.0
اريد طلب ساندويتش لحم, 1, 0.2
على كأس ماء, 1, 1.0
على قائمة الحلويات, 1, 0.2
خالية, 8, 1.0
خاصة بالمناسبات, 2, 0.11764706
الحجز, 1, 1.0
توفرون وجبات مشوية على, 1, 1.0
طبق الباستا, 1, 0.14285715
تناسب الاطفال, 1, 1.0
وجبة الافطار في, 1, 1.0
لديكم نظام طلب عبر, 1, 1.0
خضار بدون زيتون, 1, 1.0
ساعات عمل المطم, 1, 1.0
اريد طلب طبق سلطة, 1, 0.2
لديكم حسابات, 1, 0.04347826
توفرون خدمة الدردشة المباشرة, 1, 1.0
طلب عصير جزر, 1, 0.33333334
السوداني هل تحتوي أطباقكم, 1, 1.0
كعكة عيد, 1, 0.25
يمكنني طلب بوظة مزيج, 1, 0.25
سيزر مع الدجاج, 1, 1.0
والحفلات, 1, 1.0
الحصول على كوب قهوة, 1, 1.0
لديكم كعكة فواكه, 1, 1.0
هل لديكم خدمة توصيل, 2, 1.0
متى يغلق المطعم, 1, 1.0
مأكولات بحرية, 1, 1.0
لديكم وجبة خالية من, 1, 1.0
خاصة خاصة بالمناسبات او, 1, 1.0
من الأطباق, 1, 0.032258064
يمكنك احضار الفاتورة, 1, 0.25
طبقي, 1, 1.0
يمكنك احضار المزيد, 1, 0.25
بطاطس صغير, 1, 0.5
يمكنك اضافة الثلج لمشروبي, 1, 1.0
الطازجة في, 1, 1.0
حسابات, 1, 1.0
طلب طبقان من الباستا, 1, 1.0
يمكنني الحصول, 13, 0.38235295
يمكنني طلب بوظة خاصة, 1, 0.25
هل يمكنك اخباري بالوجبات, 2, 0.6666667
إفطار متأخر, 1, 1.0
أن أحجز طاولة لسبعة, 1, 0.5
هل لديكم عصائر طازجة, 1, 1.0
تقدمون وجبات خفيفة, 1, 0.5
هل لديكم سبرايت, 1, 0.045454547
الكراسي, 1, 1.0
تشكيلة, 2, 1.0
خاصة للنباتيين, 1, 0.05882353
مشروبات طازجة, 1, 0.25
هل يمكنني الحجز, 1, 0.030303031
المتاحة, 1, 1.0
خاصة خالية, 2, 0.11764706
الحجز لتنظيم, 1, 1.0
الجلوس هنا, 1, 0.33333334
عنوان, 1, 1.0
طلب نودلز مع الخضار, 1, 1.0
الان, 1, 1.0
خدمة توصيل, 3, 0.42857143
وجبة نباتية, 1, 0.05
هل توفرون بوظة, 4, 0.17391305
كبيرة, 1, 1.0
لمن يعاني من, 3, 1.0
على وجبة الافطار, 1, 1.0
قوائم, 2, 1.0
سمك بوري, 1, 0.33333334
من حساسية اللاكتوز, 1, 0.16666667
بالصوص, 2, 1.0
وقت, 1, 1.0
احضار كأس, 1, 0.25
بوظة شوكولاطة, 1, 0.05882353
ساندويتش لحم, 1, 0.16666667
طلب ستيك لحم مع, 1, 0.5
يمكنني الحصول على كوب, 1, 0.07692308
لديكم قائمة, 5, 0.2173913
مع اضافة سيرب الكاراميل, 1, 1.0
خاصة بدون, 2, 0.11764706
الشوكولاطة مع, 1, 1.0
باستا بالصوص الاحمر, 1, 1.0
توفرون مشروبات بدون, 1, 0.33333334
برغر نباتي, 1, 0.5
يمكنك اخباري بالوجبات الخالية, 1, 0.5
طلب طبق بطاطس, 1, 0.2
بنكهة الليمون, 2, 0.25
هل تقدمون خدمة إفطار, 1, 1.0
تقدمون بوظة خاصة, 1, 0.25
هو رقم, 1, 0.5
على طبق, 2, 0.08695652
تقدمون خبز خالي من, 1, 1.0
كعكة مع اضافة, 1, 1.0
نوع من الأطباق, 1, 1.0
من الطباخ هنا, 1, 1.0
تقدمون وجبة افطار, 1, 1.0
احضار المزيد, 1, 0.25
أطباقكم على, 1, 1.0
وجبة نودلز بالخضار, 1, 1.0
الخالية, 1, 1.0
طلب كوب ماء بارد, 1, 1.0
وجبات مشوية على الفحم, 1, 1.0
اضافة الثلج لمشروبي, 1, 1.0
بيتزا بيبروني مع, 1, 1.0
كوب قهوة, 3, 0.25
لديكم نظام, 1, 0.04347826
طاولة لشخصين في المطعم, 1, 1.0
ما هي كلمة سر, 1, 1.0
الكترونية, 1, 1.0
كوب بوظة, 3, 0.25
الدائمين, 1, 1.0
مع صوص الباربكيو, 1, 0.5
ما هي انواع البوظة, 1, 0.5
بكلمة سر, 1, 1.0
على صلصة اضافية, 1, 1.0
سر الانترنت, 2, 1.0
الاضافات للبوظة مثل الكاراميل, 1, 1.0
وقت من, 1, 1.0
اريد اضافة, 2, 0.031746034
رقم هاتف المطعم, 1, 1.0
طلب, 69, 1.0
أنا أعاني من حساسية, 2, 1.0
نظام طلب عبر الانترنت, 1, 1.0
قهوة بعد الوجبة, 1, 1.0
ما هو رقم, 1, 0.5
يمكنني الجلوس بجانب, 1, 0.33333334
الاختيار في المطعم, 1, 1.0
وجبة هنا, 1, 0.05
طلب سلطة المأكولات, 1, 0.5
على مشروب غازي, 1, 1.0
ما هي انواع, 2, 0.2857143
طعام بلغات اخرى, 1, 1.0
خاصة بالمناسبات او, 1, 0.5
مشروبات بدون كافيين, 1, 1.0
الخاص, 2, 1.0
اريد طلب حساء الخضار, 1, 0.25
على موقع الويب, 1, 1.0
وجبة دجاج لذيذة, 1, 1.0
برغر, 2, 1.0
هاتف, 1, 1.0
أي نوع من الأطباق, 1, 1.0
طبق بطاطس صغير, 1, 0.5
خبز خالي من, 1, 1.0
بشكل طازج بالمطعم, 1, 1.0
دجاج مقلي مع, 1, 1.0
بالصلصة البيضاء, 1, 1.0
برغر دجاج, 1, 0.5
المطعم قوائم خاصة, 1, 1.0
تجاه الفول السوداني هل, 1, 1.0
طلب طبق سلطة, 1, 0.2
يعاني من حساسية اللاكتوز, 1, 0.33333334
مع اضافة, 3, 0.1875
بريد, 1, 1.0
ذاتية الاختيار في, 1, 1.0
كوب كابتشينو ساخن, 2, 0.6666667
ودرجة نضج متوسطة, 1, 1.0
فترة, 1, 1.0
اريد طلب وجبة سوشي, 1, 0.125
من حساسية اتجاه الفول, 1, 1.0
انواع البوظة في المطعم, 1, 1.0
زيتون, 1, 1.0
موقع الويب الخاص, 1, 1.0
المأكولات, 3, 1.0
هذه الطاولة محجوزة, 1, 1.0
على خبز اضافي, 1, 1.0
تقدمون, 19, 1.0
هل يمكنك, 12, 0.09917355
هل يمكنن, 1, 0.008264462
تجاه القمح اريد, 1, 1.0
هي كلمة سر الانترنت, 1, 1.0
خالية من القمح, 1, 0.125
من حساسية تجاه, 2, 0.33333334
خاصة في المطعم, 1, 1.0
كوب كابتشينو, 3, 0.25
توفرون خدمة الولائم, 1, 0.33333334
ما اسم صاحب, 1, 0.33333334
طلب وجبة خاصة بدون, 2, 0.5
طلب كوب كابتشينو ساخن, 2, 0.6666667
طلب وجبة برغر دجاج, 1, 0.5
فترة الاعياد, 1, 1.0
هل يوجد بطاقة, 1, 0.5
من الباستا بالصوص الابيض, 1, 1.0
مناسب, 1, 1.0
يمكنني طلب بوظة بنكهة, 1, 0.25
أطلب, 1, 1.0
مشوية, 3, 1.0
اخباري بالوجبات النباتية, 1, 0.5
هل يمكنكم تنفيذ, 1, 1.0
اريد طلب وجبتان, 1, 0.017857144
توفرون خدمة, 3, 0.125
للغد, 1, 1.0
سيزر مع, 1, 1.0
صاحب, 1, 1.0
هل توفرون مشروبات طازجة, 1, 0.33333334
الباستا, 2, 1.0
الطعام بطريقة تناسب الاطفال, 1, 1.0
خدمة توصيل خارجية, 1, 0.33333334
إلى المنزل, 1, 1.0
الحساب, 1, 1.0
الخالية من, 1, 1.0
على ملعقة, 1, 0.04347826
خاص لمن, 1, 0.25
طلب كوب بوظة بنكهة, 3, 1.0
بطاطا حلوة مقلية, 1, 0.5
تقدمون هدايا, 2, 0.10526316
مختلفة من البوطة, 1, 1.0
طلب تشكيلة, 1, 0.014492754
أحجز طاولة لشخصين في, 1, 1.0
توفرون قوائم, 1, 0.041666668
نودلز, 2, 1.0
مشروب غازي, 1, 1.0
طلب قطعة ستيك مشوية, 1, 1.0
هل يقدم, 1, 0.008264462
يمكنك احضار, 4, 0.33333334
كوب قهوة خالي, 1, 0.33333334
اريد طلب كعكة بنكهة, 1, 0.5
على طلبية توصيل إلى, 1, 1.0
الحصول على كأس, 1, 0.071428575
القمح, 3, 1.0
من البوطة, 1, 0.032258064
موقع الويب, 1, 1.0
اطفال, 2, 1.0
كابتشينو, 3, 1.0
هل تقدمون السلطة مع, 1, 1.0
تملكون, 1, 1.0
طلب عصير, 3, 0.04347826
عصير ليمون, 1, 0.33333334
هي انواع العصائر الطازجة, 1, 1.0
يدويا, 1, 1.0
قائمة طعام الكترونية, 1, 0.14285715
هل توفرون خيارات, 1, 0.04347826
أطباقكم على هذا, 1, 1.0
القلب, 1, 1.0
كعكة بنكهة الفانيلا, 1, 1.0
متى يغلق, 1, 0.5
أحجز طاولة, 2, 1.0
الحساء, 1, 1.0
توفرون بوظة خالية, 2, 0.5
حفلة او مناسبة, 1, 1.0
أريد أن أحجز, 1, 0.5
طلب بوظة مزيج, 1, 0.2
على كوب, 1, 0.04347826
يمكنن ياضافة سيرب, 1, 1.0
طلب طبق دجاج ستيك, 1, 1.0
ماء, 3, 1.0
من المسؤول, 1, 0.032258064
هل يمكنك اضافة المزيد, 2, 0.6666667
أعاني من, 2, 1.0
اريد الحصول, 1, 0.015873017
يمكنني طلب عصير, 1, 0.083333336
أطلب كعكة عيد ميلاد, 1, 1.0
الجلوس, 3, 1.0
توفرون بوفيه او وجبات, 1, 1.0
بالمطعم, 3, 1.0
وجبة سمك مشوي مع, 1, 1.0
كوب بوظة بنكهة الفراولة, 1, 0.33333334
طلب حساء, 4, 0.057971016
توفرون قائمة, 2, 0.083333336
ياضافة, 1, 1.0
الولائم او الطعام للمجموعات, 1, 1.0
طلب بوظة مزيج من, 1, 1.0
قائمة طعام لمن يعاني, 1, 1.0
طعام للخارج, 1, 0.05882353
توفرون طعام خاص لمرضى, 1, 0.33333334
شاي مثلج بنكهة الليمون, 1, 0.5
الحصل على, 1, 1.0
فنجان قهوة, 1, 1.0
طلب وجبتان اطفال, 1, 1.0
شاي مثلج بنكهة الخوخ, 1, 0.5
سلطة سيزر مع, 1, 1.0
هل لديكم نظام, 1, 0.045454547
قائمة, 12, 1.0
سريعة, 1, 1.0
هل يمكنني اختيار الاضافات, 1, 1.0
التي, 1, 1.0
قائمة طعام, 7, 0.5833333
هل لديكم كرسي للأطفال, 1, 1.0
الخضار, 3, 1.0
لمن, 3, 1.0
بدون كافيين, 1, 0.25
لمن يعاني من حساسية, 3, 1.0
تقدمون هدايا للأطفال مع, 1, 1.0
هي ساعات عمل, 1, 1.0
اختيار الاضافات, 1, 1.0
تقدمون طعام عضوي, 1, 0.5
لديكم بوظة بنكهة, 1, 1.0
طلب وجبة سوشي, 1, 0.09090909
طلب ساندويتش لحم بالخضار, 1, 1.0
لديكم بوظة بنكهة الفانيلا, 1, 1.0
سمك, 3, 1.0
اريد طلب وجبة اطفال, 1, 0.125
خدمة الدردشة, 1, 0.14285715
الحصول على قائمة, 5, 0.35714287
جدا شكرا لك, 1, 1.0
اريد طلب ساندويتش دجاج, 3, 0.6
أعاني من حساسية تجاه, 2, 1.0
يعاني, 3, 1.0
قهوة صغير, 1, 0.25
حلوى, 2, 1.0
اريد طلب عصير, 2, 0.035714287
معين, 1, 1.0
حجز طاولة, 1, 1.0
على قائمة الفطور, 1, 0.2
الالكتروني الخاص بالمطعم, 1, 1.0
بالصوص الاحمر, 1, 0.5
بنكهات مبتكرة, 1, 1.0
توفرون قائمة طعام خاصة, 1, 0.5
شاي, 3, 1.0
عضوي, 2, 1.0
طلب سلطة المأكولات البحرية, 1, 1.0
تقدمون وجبات سريعة, 1, 0.5
الوجبات, 2, 1.0
حلوة, 2, 1.0
الطاولة محجوزة, 1, 1.0
بجانب الكعك, 1, 0.5
خاص لمن يعاني, 1, 1.0
بوظة مجمدة ام, 1, 1.0
على كوب قهوة, 1, 1.0
خيارات متعددة لوجبة, 1, 1.0
قائمة طعام خاصة ببرنامج, 1, 0.33333334
بحرية, 1, 1.0
هدايا مع, 1, 0.5
يفتح, 1, 1.0
بوظة مجمدة, 1, 0.05882353
القمح اريد وجبة, 1, 1.0
هل لديكم قائمة طعام, 5, 1.0
سلطة المأكولات, 1, 0.33333334
بيتزا خضار, 2, 0.4
بنكهة الخوخ, 1, 0.125
كلمة, 1, 1.0
الطعام لذيذ, 1, 0.14285715
الأطباق الرئيسية, 1, 1.0
هي الخيارات النباتية المتاحة, 1, 1.0
تقدمون مشروبات, 1, 0.05263158
اريد طلب حساء, 4, 0.071428575
مثل, 1, 1.0
هي افضل وجبة, 1, 1.0
انواع العصائر الطازجة في, 1, 1.0
اريد وجبة خالية من, 2, 1.0
حساسية القمح, 1, 0.16666667
صاحب المطعم, 1, 1.0
طلب عصير تفاح, 1, 0.33333334
توفرون بوظة خاصة, 2, 0.5
سلطة خضار مع, 1, 1.0
مع وجبات, 1, 0.0625
وجبة خالية من القمح, 1, 0.33333334
كابتشينو ساخن, 2, 0.6666667
الحساء كطبق, 1, 1.0
مواقع التواصل الاجتماعي, 1, 1.0
متى, 2, 1.0
بيتزا بيبروني مع الفطر, 1, 1.0
من حساسية, 6, 0.19354838
يمكنني الجلوس هنا, 1, 0.33333334
ما هي باسوورد, 1, 0.14285715
يمكنني, 34, 1.0
هل لديكم بطاطا, 2, 0.09090909
طبق باستا, 2, 0.2857143
الحصول على صلصة اضافية, 1, 1.0
بيتزا سلامي, 1, 0.2
طلب ساندويتش دجاج مقلي, 1, 0.33333334
خبز خالي, 1, 0.33333334
توفرون خيارات, 1, 0.041666668
قوائم طعام, 1, 0.5
متعددة لوجبة, 1, 1.0
هل تقدمون الطعام, 2, 0.10526316
سلطة المأكولات البحرية, 1, 1.0
تجاه القمح, 1, 0.5
حساسية اتجاه الفول السوداني, 1, 1.0
طلب كولا, 1, 0.014492754
من حساسية اتجاه, 1, 0.16666667
تقدمون الطعام بطريقة تناسب, 1, 1.0
ساندويتش دجاج مقلي مع, 1, 1.0
تقدمون طعام, 2, 0.10526316
من الجبن, 1, 0.032258064
مع اضافة بوطة, 1, 0.33333334
يمكنني الحصل على, 1, 1.0
بنكهات مبتكرة غير تقليدية, 1, 1.0
الوجبة التي, 1, 0.25
يمكنك اقتراح وجبة, 1, 1.0
لحم مع, 1, 0.33333334
اسم, 3, 1.0
بطاقة اشتراك, 1, 1.0
تقدمون مشروبات خاصة, 1, 1.0
يتم تحضير, 1, 1.0
طلب كوب شاي بالنعنح, 1, 1.0
اريد الحصول على, 1, 1.0
الذين يعانون, 1, 1.0
عصير جزر طازج, 1, 1.0
او الطعام, 1, 0.2
طلب عبر, 1, 0.014492754
من النكهات, 1, 0.032258064
كوب قهوة خالي من, 1, 1.0
تقليدية, 1, 1.0
على صلصة, 1, 0.04347826
بالخضار وصوص الصويا, 1, 1.0
او اضافات, 1, 0.2
عصير جزر, 1, 0.33333334
توفرون احجام مختلفة من, 1, 1.0
طلب حساء الخضار, 1, 0.25
يمكنني طلب كوب بوظة, 1, 0.5
طلب ثلاثة ساندويتش, 1, 1.0
هل توفرون طعام خاص, 3, 0.75
هل تتوفر خدمة توصيل, 1, 1.0
يمكنني اختيار الاضافات, 1, 1.0
طلب طبق باستا بالصوص, 1, 0.5
أن أطلب كعكة, 1, 1.0
كعكة مع, 1, 0.25
مقلي, 1, 1.0
لديكم خدمة توصيل, 2, 1.0
هل يوجد بطاقة اشتراك, 1, 1.0
الغلوتين, 7, 1.0
الوجبة الأكثر, 1, 0.25
فتح الشباك, 1, 1.0
الفول السوداني, 2, 1.0
هل تملكون طعام عضوي, 1, 1.0
هل يمكنني, 33, 0.27272728
اريد طلب ستيك لحم, 2, 1.0
كوب قهوة بعد الوجبة, 1, 1.0
الدجاج, 2, 1.0
هل تقدمون بوظة مجمدة, 1, 0.25
هل يمكنك اخباري بكلمة, 1, 0.33333334
الكعك, 1, 1.0
الانترنت, 4, 1.0
على وجبة الافطار في, 1, 1.0
قهوة بعد, 1, 0.25
بوظة مزيج من, 1, 1.0
اريد طلب عصير تفاح, 1, 0.5
يمكنني الحجز لتنظيم, 1, 1.0
بوظة بنكهة, 5, 0.29411766
اريد طلب ساندويتش, 5, 0.08928572
الطعام للمجموعات, 1, 0.14285715
يمكنني الحصول على قائمة, 4, 0.30769232
اريد طلب نودلز مع, 1, 1.0
جانبي, 1, 1.0
وصوص الصويا, 1, 1.0
اريد طلب سمك سلمون, 1, 0.5
وجبات مشوية على, 1, 1.0
المباشرة, 1, 1.0
مواقع التواصل, 1, 1.0
اضافة المزيد من الصلصة, 1, 0.33333334
أن أطلب, 1, 0.33333334
فتح, 1, 1.0
كعك خالي من السكر, 1, 0.5
إفطار متأخر في المطعم, 1, 1.0
تحتوي أطباقكم على هذا, 1, 1.0
خدمة الولائم او, 1, 1.0
قائمة المشروبات, 2, 0.16666667
صلصة, 1, 1.0
للمنزل, 2, 1.0
على خبز, 1, 0.04347826
شاورما, 2, 1.0
خدمة إفطار, 1, 0.14285715
خاصة خالية من الغلوتين, 2, 1.0
بريد الالكتروني, 1, 1.0
يغلق المطعم, 1, 1.0
اسم الطباخ, 1, 0.33333334
هل تملكون, 1, 0.008264462
هل يمكنك احضار الفاتورة, 1, 0.25
طلب طعام, 1, 0.014492754
هل يمكنني طلب كوب, 2, 0.16666667
لديكم شاي, 1, 0.04347826
المزيد من الصوص, 1, 0.25
هل يمكنني الجلوس, 2, 0.060606062
بوظة بنكهة الفانيلا, 1, 0.2
توفرون بوظة خالية من, 2, 1.0
اريد طلب بيتزا صغيرة, 1, 0.2
اريد طلب طبق دجاج, 1, 0.2
هل يمكنك اضافة, 3, 0.25
تقدمون خبز مع, 1, 0.5
وقت من اليوم, 1, 1.0
من الجبن على طبقي, 1, 1.0
كابتشينو بارد, 1, 0.33333334
الطازجة, 1, 1.0
طعام صيني, 1, 0.05882353
طبق باستا بالصلصة البيضاء, 1, 1.0
يمكنن ياضافة, 1, 1.0
المباشرة على موقع الويب, 1, 1.0
بوظة خاصة للاطفال, 1, 0.25
أحجز طاولة لسبعة أشخاص, 1, 1.0
كوب بوظة بنكهة الحمضيات, 1, 0.33333334
مع الفطر, 1, 0.0625
سلطة خضار مع الدجاج, 1, 1.0
يعانون من حساسية اتجاه, 1, 1.0
اضافة المزيد من الجبن, 1, 0.33333334
هل لديكم طعام, 1, 0.045454547
خيارات متعددة لوجبة الافطار, 1, 1.0
طعام مكسيكي, 1, 0.05882353
لديكم قائمة طعام خاصة, 2, 0.4
حساسية تجاه القمح اريد, 1, 1.0
اريد طلب وجبة خاصة, 1, 0.125
يمكنني طلب كوب كابتشينو, 1, 0.5
وجبة خالية, 3, 0.15
قوائم خاصة خاصة بالمناسبات, 1, 1.0
الوجبة التي تقترحها علي, 1, 1.0
للطعام, 1, 1.0
تحضير الطعام, 1, 1.0
بالخصار, 1, 1.0
لديكم وجبة خالية, 1, 1.0
اخرى, 1, 1.0
هل يمكنكم, 1, 0.008264462
هل تقدمون وجبات, 2, 0.10526316
نوع من الأطباق الرئيسية, 1, 1.0
الحصول على خبز, 1, 0.071428575
ثلج, 1, 1.0
مجمدة, 1, 1.0
للأطفال مع الوجبات, 1, 1.0
ما الوجبة, 2, 0.13333334
بوظة خاصة لمن يعاني, 1, 1.0
يمكنن ياضافة سيرب للبوظة, 1, 1.0
هل يمكنني طلب تعديلات, 1, 0.083333336
توفرون مشروبات, 3, 0.125
تعديلات او, 1, 1.0
خالي من الكافيين, 1, 0.25
من المشروبات, 1, 0.032258064
هل تقدمون خبز, 2, 0.10526316
من الصلصة على, 1, 1.0
حساسية تجاه, 2, 0.33333334
مقلية, 1, 1.0
بيتزا خضار بدون زيتون, 1, 1.0
مبتكرة غير, 1, 1.0
الفول السوداني هل, 1, 0.5
توفرون بوفيه, 1, 0.041666668
بطريقة تناسب, 1, 1.0
تحضير الطعام بشكل, 1, 1.0
المشروبات, 3, 1.0
هل يقدم المطعم, 1, 1.0
